use spin;
#SET SQL_SAFE_UPDATES = 0;
#delete from spin.workers;
insert into spin.workers(fname,lname,job_desc,dob,hid) values('Ram','Karthik','Operator',str_to_date('12/12/1995','%d/%m/%Y'),'A');
insert into spin.workers(fname,lname,job_desc,dob,hid) values('Raj','Mohan','Supervisor',str_to_date('11/08/1994','%d/%m/%Y'),'B');
insert into spin.workers(fname,lname,job_desc,dob,hid) values('Sanjit','Kumar','Manager',str_to_date('03/02/1990','%d/%m/%Y'),'A'),
                                                             ('Rohit','Rajesh','Operator',str_to_date('19/03/1995','%d/%m/%Y'),'C');
insert into spin.workers(fname,lname,job_desc,dob,hid) values('Jason','Carter','Operator',str_to_date('22/05/1999','%d/%m/%Y'),'A');
insert into spin.workers(fname,lname,job_desc,dob,hid) values('Jim','Carraway','Operator',str_to_date('16/07/1991','%d/%m/%Y'),'C');
insert into spin.workers(fname,lname,job_desc,dob,hid) values('Jay','Gatby','Operator',str_to_date('12/04/1992','%d/%m/%Y'),'C');
insert into spin.workers(fname,lname,job_desc,dob,hid) values('Ahmed','Nafaz','Operator',str_to_date('14/09/1997','%d/%m/%Y'),'A');
insert into spin.workers(fname,lname,job_desc,dob,hid) values('Pranav','Ramakrishna','Supervisor',str_to_date('11/11/1997','%d/%m/%Y'),'C');
insert into spin.workers(fname,lname,job_desc,dob,hid) values('Kumar','Muthusamy','Operator',str_to_date('01/10/1998','%d/%m/%Y'),'B');
insert into spin.workers(fname,lname,job_desc,dob,hid) values('Jay', 'Franco', 'Operator', str_to_date('18/03/1993','%d/%m/%Y'), 'A');
insert into spin.workers(fname,lname,job_desc,dob,hid) values('Joni', 'Gonzalez', 'Operator', str_to_date('06/05/1990','%d/%m/%Y'), 'C');
insert into spin.workers(fname,lname,job_desc,dob,hid) values('Lesia', 'Lynch', 'Operator', str_to_date('05/04/1991','%d/%m/%Y'), 'A');
insert into spin.workers(fname,lname,job_desc,dob,hid) values('Senaida', 'Beard', 'Operator', str_to_date('09/03/1998','%d/%m/%Y'), 'B');
insert into spin.workers(fname,lname,job_desc,dob,hid) values('Charlesetta', 'Stokes', 'Operator', str_to_date('23/07/1992','%d/%m/%Y'), 'C');
insert into spin.workers(fname,lname,job_desc,dob,hid) values('Jessie', 'Schwartz', 'Operator', str_to_date('23/04/1991','%d/%m/%Y'), 'B');
insert into spin.workers(fname,lname,job_desc,dob,hid) values('Bobbye', 'Mercado', 'Operator', str_to_date('14/07/1990','%d/%m/%Y'), 'B');
insert into spin.workers(fname,lname,job_desc,dob,hid) values('Moriah', 'Hardin', 'Operator', str_to_date('17/11/1990','%d/%m/%Y'), 'C');
insert into spin.workers(fname,lname,job_desc,dob,hid) values('Chau', 'Carroll', 'Operator', str_to_date('03/03/1995','%d/%m/%Y'), 'A');
insert into spin.workers(fname,lname,job_desc,dob,hid) values('Cary', 'Rosales', 'Operator', str_to_date('24/10/1998','%d/%m/%Y'), 'C');
insert into spin.workers(fname,lname,job_desc,dob,hid) values('Oretha', 'Dickerson', 'Operator', str_to_date('22/05/1990','%d/%m/%Y'), 'B');
insert into spin.workers(fname,lname,job_desc,dob,hid) values('Lavelle', 'Mcgee', 'Operator', str_to_date('26/03/1997','%d/%m/%Y'), 'A');
insert into spin.workers(fname,lname,job_desc,dob,hid) values('Brynn', 'Shea', 'Operator', str_to_date('07/09/1991','%d/%m/%Y'), 'B');
insert into spin.workers(fname,lname,job_desc,dob,hid) values('Fidela', 'Dalton', 'Operator', str_to_date('23/12/1994','%d/%m/%Y'), 'C');
insert into spin.workers(fname,lname,job_desc,dob,hid) values('Regena Dieckman', 'Cole', 'Operator', str_to_date('12/01/1992','%d/%m/%Y'), 'C');
insert into spin.workers(fname,lname,job_desc,dob,hid) values('Chanel', 'Ritter', 'Operator', str_to_date('22/03/1994','%d/%m/%Y'), 'B');
insert into spin.workers(fname,lname,job_desc,dob,hid) values('Clarence', 'Humphrey', 'Operator', str_to_date('04/07/1997','%d/%m/%Y'), 'B');
insert into spin.workers(fname,lname,job_desc,dob,hid) values('Frederick', 'Snow', 'Operator', str_to_date('26/01/1996','%d/%m/%Y'), 'C');
insert into spin.workers(fname,lname,job_desc,dob,hid) values('Elin', 'Stark', 'Operator', str_to_date('14/12/1998','%d/%m/%Y'), 'C');
insert into spin.workers(fname,lname,job_desc,dob,hid) values('Zoila', 'Buck', 'Operator', str_to_date('13/12/1999','%d/%m/%Y'), 'B');
insert into spin.workers(fname,lname,job_desc,dob,hid) values('Simonne', 'Mckenzie', 'Operator', str_to_date('16/08/1992','%d/%m/%Y'), 'A');
insert into spin.workers(fname,lname,job_desc,dob,hid) values('Usha', 'Faulkner', 'Operator', str_to_date('17/01/1990','%d/%m/%Y'), 'C');
insert into spin.workers(fname,lname,job_desc,dob,hid) values('Astrid', 'Thomas', 'Operator', str_to_date('01/07/1997','%d/%m/%Y'), 'B');
insert into spin.workers(fname,lname,job_desc,dob,hid) values('Lashonda', 'Williamson', 'Operator', str_to_date('25/11/1993','%d/%m/%Y'), 'C');
insert into spin.workers(fname,lname,job_desc,dob,hid) values('Johnette', 'Gay', 'Operator', str_to_date('23/12/1998','%d/%m/%Y'), 'C');
insert into spin.workers(fname,lname,job_desc,dob,hid) values('Sheena', 'Pruitt', 'Operator', str_to_date('23/07/1991','%d/%m/%Y'), 'C');
insert into spin.workers(fname,lname,job_desc,dob,hid) values('Gisela', 'Norton', 'Operator', str_to_date('08/11/1991','%d/%m/%Y'), 'B');
insert into spin.workers(fname,lname,job_desc,dob,hid) values('Sheilah', 'Curry', 'Operator', str_to_date('27/10/1993','%d/%m/%Y'), 'A');
insert into spin.workers(fname,lname,job_desc,dob,hid) values('Karine', 'Sanchez', 'Operator', str_to_date('10/08/1990','%d/%m/%Y'), 'B');
insert into spin.workers(fname,lname,job_desc,dob,hid) values('Horace', 'Bird', 'Operator', str_to_date('03/11/1995','%d/%m/%Y'), 'A');
insert into spin.workers(fname,lname,job_desc,dob,hid) values('Ranee', 'Hays', 'Operator', str_to_date('18/11/1993','%d/%m/%Y'), 'C');
insert into spin.workers(fname,lname,job_desc,dob,hid) values('Mildred', 'Kim', 'Operator', str_to_date('04/06/1996','%d/%m/%Y'), 'A');
insert into spin.workers(fname,lname,job_desc,dob,hid) values('Ria', 'Bowers', 'Operator', str_to_date('01/04/1990','%d/%m/%Y'), 'B');
insert into spin.workers(fname,lname,job_desc,dob,hid) values('Arie', 'Sutton', 'Operator', str_to_date('25/07/1999','%d/%m/%Y'), 'C');
insert into spin.workers(fname,lname,job_desc,dob,hid) values('Quinton', 'Brady', 'Operator', str_to_date('26/02/1996','%d/%m/%Y'), 'A');
insert into spin.workers(fname,lname,job_desc,dob,hid) values('Kassie', 'Travis', 'Operator', str_to_date('15/10/1992','%d/%m/%Y'), 'A');
insert into spin.workers(fname,lname,job_desc,dob,hid) values('Octavia', 'Proctor', 'Operator', str_to_date('30/01/1999','%d/%m/%Y'), 'C');
insert into spin.workers(fname,lname,job_desc,dob,hid) values('Hye', 'Farmer', 'Operator', str_to_date('06/03/1992','%d/%m/%Y'), 'A');
insert into spin.workers(fname,lname,job_desc,dob,hid) values('Bruno', 'Lin', 'Operator', str_to_date('17/04/1992','%d/%m/%Y'), 'C');
insert into spin.workers(fname,lname,job_desc,dob,hid) values('Qiana', 'Roth', 'Operator', str_to_date('16/08/1991','%d/%m/%Y'), 'A');
insert into spin.workers(fname,lname,job_desc,dob,hid) values('Kathyrn', 'Gross', 'Operator', str_to_date('09/08/1999','%d/%m/%Y'), 'A');
insert into spin.workers(fname,lname,job_desc,dob,hid) values('Natashia', 'Quinn', 'Operator', str_to_date('24/08/1990','%d/%m/%Y'), 'A');
insert into spin.workers(fname,lname,job_desc,dob,hid) values('Yolonda', 'Sosa', 'Operator', str_to_date('12/11/1993','%d/%m/%Y'), 'C');
insert into spin.workers(fname,lname,job_desc,dob,hid) values('Rocky', 'Golden', 'Operator', str_to_date('09/11/1990','%d/%m/%Y'), 'C');
insert into spin.workers(fname,lname,job_desc,dob,hid) values('Yuki', 'Shepard', 'Operator', str_to_date('17/03/1994','%d/%m/%Y'), 'C');
insert into spin.workers(fname,lname,job_desc,dob,hid) values('Regena', 'Sawyer', 'Operator', str_to_date('10/03/1996','%d/%m/%Y'), 'B');
insert into spin.workers(fname,lname,job_desc,dob,hid) values('Clarence M', 'Mullins', 'Operator', str_to_date('05/09/1997','%d/%m/%Y'), 'A');
insert into spin.workers(fname,lname,job_desc,dob,hid) values('Dayle', 'Carter', 'Operator', str_to_date('16/10/1993','%d/%m/%Y'), 'C');
insert into spin.workers(fname,lname,job_desc,dob,hid) values('Katherin', 'Poole', 'Operator', str_to_date('15/02/1995','%d/%m/%Y'), 'B');
insert into spin.workers(fname,lname,job_desc,dob,hid) values('Ferne', 'Rhodes', 'Operator', str_to_date('17/10/1998','%d/%m/%Y'), 'A');
commit;

insert into spin.spinning_type(m_id,m_type,bid) values('C01','CARDING','W');
insert into spin.spinning_type(m_id,m_type,bid) values('C02','CARDING','W');
insert into spin.spinning_type(m_id,m_type,bid) values('C03','CARDING','W');
insert into spin.spinning_type(m_id,m_type,bid) values('OE1','OPEN END SPINNING','X');
insert into spin.spinning_type(m_id,m_type,bid) values('OE2','OPEN END SPINNING','X');
insert into spin.spinning_type(m_id,m_type,bid) values('OE3','OPEN END SPINNING','X');
insert into spin.spinning_type(m_id,m_type,bid) values('W01','WINDING','Y');
insert into spin.spinning_type(m_id,m_type,bid) values('W02','WINDING','Y');
insert into spin.spinning_type(m_id,m_type,bid) values('W03','WINDING','Y');

insert into spin.raw_material_name(item_no,item_name) values('Ct01','COTTON QUALITY 1');
insert into spin.raw_material_name(item_no,item_name) values('Ct02','COTTON QUALITY 2');
insert into spin.raw_material_name(item_no,item_name) values('Ct03','COTTON QUALITY 3');
insert into spin.raw_material_name(item_no,item_name) values('Py01','POLYESTER QUALITY 1');
insert into spin.raw_material_name(item_no,item_name) values('Py02','POLYESTER QUALITY 2');

insert into spin.raw_materials (item_no,lot_no,staple_len,qty,density) values('Ct01',001,6.6,1000,1.5222);
insert into spin.raw_materials (item_no,lot_no,staple_len,qty,density) values('Ct01',002,6.7,800,1.5233);
insert into spin.raw_materials (item_no,lot_no,staple_len,qty,density) values('Ct01',003,6.6,500,1.5232);
insert into spin.raw_materials (item_no,lot_no,staple_len,qty,density) values('Ct02',001,8.5,500,1.5333);
insert into spin.raw_materials (item_no,lot_no,staple_len,qty,density) values('Ct02',002,8,600,1.5400);
insert into spin.raw_materials (item_no,lot_no,staple_len,qty,density) values('Py01',001,12,700,1.3666);
insert into spin.raw_materials (item_no,lot_no,staple_len,qty,density) values('Py01',002,11.5,600,1.3700);
insert into spin.raw_materials (item_no,lot_no,staple_len,qty,density) values('PY02',001,10.5,300,1.3800);
insert into spin.raw_materials (item_no,lot_no,staple_len,qty,density) values('Py02',002,12.5,800,1.8100);


insert into spin.building (bid,b_size,construction_year) values('X','100x150',str_to_date('01/01/2000','%d/%m/%Y'));
insert into spin.building (bid,b_size,construction_year) values('Y','200x100',str_to_date('01/01/1995','%d/%m/%Y'));
insert into spin.building (bid,b_size,construction_year) values('W','70x100',str_to_date('01/01/2002','%d/%m/%Y'));

insert into spin.hostel_type(hid,hostel_type) values('A','Mens Size 1');
insert into spin.hostel_type(hid,hostel_type) values('B','Womens Size 1');
insert into spin.hostel_type(hid,hostel_type) values('C','Mens Size 2');
insert into spin.hostel_type(hid,hostel_type) values('D','Womens Size 2');


insert into spin.hostel_expense(hid,h_date,h_eb_charge,mess_charge,maintenance_charge) values('A',str_to_date('11/10/2019','%d/%m/%Y'),15,100,120);
insert into spin.hostel_expense(hid,h_date,h_eb_charge,mess_charge,maintenance_charge) values('A',str_to_date('12/10/2019','%d/%m/%Y'),12,150,100);
insert into spin.hostel_expense(hid,h_date,h_eb_charge,mess_charge,maintenance_charge) values('A',str_to_date('13/10/2019','%d/%m/%Y'),18,170,100);
insert into spin.hostel_expense(hid,h_date,h_eb_charge,mess_charge,maintenance_charge) values('B',str_to_date('11/10/2019','%d/%m/%Y'),9,200,90);
insert into spin.hostel_expense(hid,h_date,h_eb_charge,mess_charge,maintenance_charge) values('B',str_to_date('12/10/2019','%d/%m/%Y'),8,210,95);
insert into spin.hostel_expense(hid,h_date,h_eb_charge,mess_charge,maintenance_charge) values('B',str_to_date('13/10/2019','%d/%m/%Y'),8,190,100);
insert into spin.hostel_expense(hid,h_date,h_eb_charge,mess_charge,maintenance_charge) values('C',str_to_date('11/10/2019','%d/%m/%Y'),12,100,100);
insert into spin.hostel_expense(hid,h_date,h_eb_charge,mess_charge,maintenance_charge) values('C',str_to_date('12/10/2019','%d/%m/%Y'),15,190,100);
insert into spin.hostel_expense(hid,h_date,h_eb_charge,mess_charge,maintenance_charge) values('C',str_to_date('13/10/2019','%d/%m/%Y'),20,210,100);

insert into spin.working_details(wid,month_year,working_days,monthly_salary) values(1,str_to_date('01/10/2019','%d/%m/%Y'),30,10000);
insert into spin.working_details(wid,month_year,working_days,monthly_salary) values(1,str_to_date('01/11/2019','%d/%m/%Y'),30,10000);
insert into spin.working_details(wid,month_year,working_days,monthly_salary) values(1,str_to_date('01/12/2019','%d/%m/%Y'),28,10000);
insert into spin.working_details(wid,month_year,working_days,monthly_salary) values(2,str_to_date('01/10/2019','%d/%m/%Y'),26,10000);
insert into spin.working_details(wid,month_year,working_days,monthly_salary) values(2,str_to_date('01/11/2019','%d/%m/%Y'),30,10000);
insert into spin.working_details(wid,month_year,working_days,monthly_salary) values(2,str_to_date('01/12/2019','%d/%m/%Y'),25,10000);
insert into spin.working_details(wid,month_year,working_days,monthly_salary) values(3,str_to_date('01/10/2019','%d/%m/%Y'),22,9900);
insert into spin.working_details(wid,month_year,working_days,monthly_salary) values(3,str_to_date('01/11/2019','%d/%m/%Y'),30,10000);
insert into spin.working_details(wid,month_year,working_days,monthly_salary) values(3,str_to_date('01/12/2019','%d/%m/%Y'),30,10000);
insert into spin.working_details(wid,month_year,working_days,monthly_salary) values(4,str_to_date('01/10/2019','%d/%m/%Y'),20,9700);
insert into spin.working_details(wid,month_year,working_days,monthly_salary) values(4,str_to_date('01/11/2019','%d/%m/%Y'),30,10000);
insert into spin.working_details(wid,month_year,working_days,monthly_salary) values(4,str_to_date('01/12/2019','%d/%m/%Y'),30,10000);
insert into spin.working_details(wid,month_year,working_days,monthly_salary) values(5,str_to_date('01/10/2019','%d/%m/%Y'),22,9900);
insert into spin.working_details(wid,month_year,working_days,monthly_salary) values(5,str_to_date('01/11/2019','%d/%m/%Y'),30,10000);
insert into spin.working_details(wid,month_year,working_days,monthly_salary) values(5,str_to_date('01/12/2019','%d/%m/%Y'),30,10000);
insert into spin.working_details(wid,month_year,working_days,monthly_salary) values(6,str_to_date('01/10/2019','%d/%m/%Y'),25,10000);
insert into spin.working_details(wid,month_year,working_days,monthly_salary) values(6,str_to_date('01/11/2019','%d/%m/%Y'),30,10000);
insert into spin.working_details(wid,month_year,working_days,monthly_salary) values(6,str_to_date('01/12/2019','%d/%m/%Y'),23,10000);
insert into spin.working_details(wid,month_year,working_days,monthly_salary) values(7,str_to_date('01/10/2019','%d/%m/%Y'),30,10000);
insert into spin.working_details(wid,month_year,working_days,monthly_salary) values(7,str_to_date('01/11/2019','%d/%m/%Y'),21,9800);
insert into spin.working_details(wid,month_year,working_days,monthly_salary) values(7,str_to_date('01/12/2019','%d/%m/%Y'),30,10000);
insert into spin.working_details(wid, month_year,working_days,monthly_salary) values(8,str_to_date('01/10/2019','%d/%m/%Y'),30,10000);
insert into spin.working_details(wid, month_year,working_days,monthly_salary) values(8,str_to_date('01/11/2019','%d/%m/%Y'),21,9800);
insert into spin.working_details(wid, month_year,working_days,monthly_salary) values(8,str_to_date('01/12/2019','%d/%m/%Y'),27,10000);
insert into spin.working_details(wid, month_year,working_days,monthly_salary) values(9,str_to_date('01/10/2019','%d/%m/%Y'),24,10000);
insert into spin.working_details(wid, month_year,working_days,monthly_salary) values(9,str_to_date('01/11/2019','%d/%m/%Y'),25,9800);
insert into spin.working_details(wid, month_year,working_days,monthly_salary) values(9,str_to_date('01/12/2019','%d/%m/%Y'),30,10000);
insert into spin.working_details(wid,month_year,working_days,monthly_salary) values(10,str_to_date('01/10/2019','%d/%m/%Y'), 26, 10000);
insert into spin.working_details(wid,month_year,working_days,monthly_salary) values(10,str_to_date('01/11/2019','%d/%m/%Y'), 20, 9200);
insert into spin.working_details(wid,month_year,working_days,monthly_salary) values(10,str_to_date('01/12/2019','%d/%m/%Y'), 19, 9000);
insert into spin.working_details(wid,month_year,working_days,monthly_salary) values(11,str_to_date('01/10/2019','%d/%m/%Y'), 23, 10000);
insert into spin.working_details(wid,month_year,working_days,monthly_salary) values(11,str_to_date('01/11/2019','%d/%m/%Y'), 21, 9800);
insert into spin.working_details(wid,month_year,working_days,monthly_salary) values(11,str_to_date('01/12/2019','%d/%m/%Y'), 27, 10000);
insert into spin.working_details(wid,month_year,working_days,monthly_salary) values(12,str_to_date('01/10/2019','%d/%m/%Y'), 29, 10000);
insert into spin.working_details(wid,month_year,working_days,monthly_salary) values(12,str_to_date('01/11/2019','%d/%m/%Y'), 24, 10000);
insert into spin.working_details(wid,month_year,working_days,monthly_salary) values(12,str_to_date('01/12/2019','%d/%m/%Y'), 21, 9800);
insert into spin.working_details(wid,month_year,working_days,monthly_salary) values(13,str_to_date('01/10/2019','%d/%m/%Y'), 30, 10000);
insert into spin.working_details(wid,month_year,working_days,monthly_salary) values(13,str_to_date('01/11/2019','%d/%m/%Y'), 26, 10000);
insert into spin.working_details(wid,month_year,working_days,monthly_salary) values(13,str_to_date('01/12/2019','%d/%m/%Y'), 28, 10000);
insert into spin.working_details(wid,month_year,working_days,monthly_salary) values(14,str_to_date('01/10/2019','%d/%m/%Y'), 29, 10000);
insert into spin.working_details(wid,month_year,working_days,monthly_salary) values(14,str_to_date('01/11/2019','%d/%m/%Y'), 20, 9200);
insert into spin.working_details(wid,month_year,working_days,monthly_salary) values(14,str_to_date('01/12/2019','%d/%m/%Y'), 28, 10000);
insert into spin.working_details(wid,month_year,working_days,monthly_salary) values(15,str_to_date('01/10/2019','%d/%m/%Y'), 29, 10000);
insert into spin.working_details(wid,month_year,working_days,monthly_salary) values(15,str_to_date('01/11/2019','%d/%m/%Y'), 21, 9800);
insert into spin.working_details(wid,month_year,working_days,monthly_salary) values(15,str_to_date('01/12/2019','%d/%m/%Y'), 22, 9900);
insert into spin.working_details(wid,month_year,working_days,monthly_salary) values(16,str_to_date('01/10/2019','%d/%m/%Y'), 24, 10000);
insert into spin.working_details(wid,month_year,working_days,monthly_salary) values(16,str_to_date('01/11/2019','%d/%m/%Y'), 28, 10000);
insert into spin.working_details(wid,month_year,working_days,monthly_salary) values(16,str_to_date('01/12/2019','%d/%m/%Y'), 30, 10000);
insert into spin.working_details(wid,month_year,working_days,monthly_salary) values(17,str_to_date('01/10/2019','%d/%m/%Y'), 25, 10000);
insert into spin.working_details(wid,month_year,working_days,monthly_salary) values(17,str_to_date('01/11/2019','%d/%m/%Y'), 30, 10000);
insert into spin.working_details(wid,month_year,working_days,monthly_salary) values(17,str_to_date('01/12/2019','%d/%m/%Y'), 23, 10000);
insert into spin.working_details(wid,month_year,working_days,monthly_salary) values(18,str_to_date('01/10/2019','%d/%m/%Y'), 18, 9000);
insert into spin.working_details(wid,month_year,working_days,monthly_salary) values(18,str_to_date('01/11/2019','%d/%m/%Y'), 27, 10000);
insert into spin.working_details(wid,month_year,working_days,monthly_salary) values(18,str_to_date('01/12/2019','%d/%m/%Y'), 21, 9800);
insert into spin.working_details(wid,month_year,working_days,monthly_salary) values(19,str_to_date('01/10/2019','%d/%m/%Y'), 19, 9000);
insert into spin.working_details(wid,month_year,working_days,monthly_salary) values(19,str_to_date('01/11/2019','%d/%m/%Y'), 22, 9900);
insert into spin.working_details(wid,month_year,working_days,monthly_salary) values(19,str_to_date('01/12/2019','%d/%m/%Y'), 27, 10000);
insert into spin.working_details(wid,month_year,working_days,monthly_salary) values(20,str_to_date('01/10/2019','%d/%m/%Y'), 20, 9200);
insert into spin.working_details(wid,month_year,working_days,monthly_salary) values(20,str_to_date('01/11/2019','%d/%m/%Y'), 24, 10000);
insert into spin.working_details(wid,month_year,working_days,monthly_salary) values(20,str_to_date('01/12/2019','%d/%m/%Y'), 30, 10000);
insert into spin.working_details(wid,month_year,working_days,monthly_salary) values(21,str_to_date('01/10/2019','%d/%m/%Y'), 21, 9800);
insert into spin.working_details(wid,month_year,working_days,monthly_salary) values(21,str_to_date('01/11/2019','%d/%m/%Y'), 30, 10000);
insert into spin.working_details(wid,month_year,working_days,monthly_salary) values(21,str_to_date('01/12/2019','%d/%m/%Y'), 26, 10000);
insert into spin.working_details(wid,month_year,working_days,monthly_salary) values(22,str_to_date('01/10/2019','%d/%m/%Y'), 19, 9000);
insert into spin.working_details(wid,month_year,working_days,monthly_salary) values(22,str_to_date('01/11/2019','%d/%m/%Y'), 29, 10000);
insert into spin.working_details(wid,month_year,working_days,monthly_salary) values(22,str_to_date('01/12/2019','%d/%m/%Y'), 23, 10000);
insert into spin.working_details(wid,month_year,working_days,monthly_salary) values(23,str_to_date('01/10/2019','%d/%m/%Y'), 23, 10000);
insert into spin.working_details(wid,month_year,working_days,monthly_salary) values(23,str_to_date('01/11/2019','%d/%m/%Y'), 21, 9800);
insert into spin.working_details(wid,month_year,working_days,monthly_salary) values(23,str_to_date('01/12/2019','%d/%m/%Y'), 28, 10000);
insert into spin.working_details(wid,month_year,working_days,monthly_salary) values(24,str_to_date('01/10/2019','%d/%m/%Y'), 24, 10000);
insert into spin.working_details(wid,month_year,working_days,monthly_salary) values(24,str_to_date('01/11/2019','%d/%m/%Y'), 27, 10000);
insert into spin.working_details(wid,month_year,working_days,monthly_salary) values(24,str_to_date('01/12/2019','%d/%m/%Y'), 26, 10000);
insert into spin.working_details(wid,month_year,working_days,monthly_salary) values(25,str_to_date('01/10/2019','%d/%m/%Y'), 23, 10000);
insert into spin.working_details(wid,month_year,working_days,monthly_salary) values(25,str_to_date('01/11/2019','%d/%m/%Y'), 22, 9900);
insert into spin.working_details(wid,month_year,working_days,monthly_salary) values(25,str_to_date('01/12/2019','%d/%m/%Y'), 26, 10000);
insert into spin.working_details(wid,month_year,working_days,monthly_salary) values(26,str_to_date('01/10/2019','%d/%m/%Y'), 22, 9900);
insert into spin.working_details(wid,month_year,working_days,monthly_salary) values(26,str_to_date('01/11/2019','%d/%m/%Y'), 30, 10000);
insert into spin.working_details(wid,month_year,working_days,monthly_salary) values(26,str_to_date('01/12/2019','%d/%m/%Y'), 28, 10000);
insert into spin.working_details(wid,month_year,working_days,monthly_salary) values(27,str_to_date('01/10/2019','%d/%m/%Y'), 23, 10000);
insert into spin.working_details(wid,month_year,working_days,monthly_salary) values(27,str_to_date('01/11/2019','%d/%m/%Y'), 24, 10000);
insert into spin.working_details(wid,month_year,working_days,monthly_salary) values(27,str_to_date('01/12/2019','%d/%m/%Y'), 25, 10000);
insert into spin.working_details(wid,month_year,working_days,monthly_salary) values(28,str_to_date('01/10/2019','%d/%m/%Y'), 18, 9000);
insert into spin.working_details(wid,month_year,working_days,monthly_salary) values(28,str_to_date('01/11/2019','%d/%m/%Y'), 21, 9800);
insert into spin.working_details(wid,month_year,working_days,monthly_salary) values(28,str_to_date('01/12/2019','%d/%m/%Y'), 30, 10000);
insert into spin.working_details(wid,month_year,working_days,monthly_salary) values(29,str_to_date('01/10/2019','%d/%m/%Y'), 25, 10000);
insert into spin.working_details(wid,month_year,working_days,monthly_salary) values(29,str_to_date('01/11/2019','%d/%m/%Y'), 19, 9000);
insert into spin.working_details(wid,month_year,working_days,monthly_salary) values(29,str_to_date('01/12/2019','%d/%m/%Y'), 20, 9200);
insert into spin.working_details(wid,month_year,working_days,monthly_salary) values(30,str_to_date('01/10/2019','%d/%m/%Y'), 28, 10000);
insert into spin.working_details(wid,month_year,working_days,monthly_salary) values(30,str_to_date('01/11/2019','%d/%m/%Y'), 19, 9000);
insert into spin.working_details(wid,month_year,working_days,monthly_salary) values(30,str_to_date('01/12/2019','%d/%m/%Y'), 30, 10000);
insert into spin.working_details(wid,month_year,working_days,monthly_salary) values(31,str_to_date('01/10/2019','%d/%m/%Y'), 26, 10000);
insert into spin.working_details(wid,month_year,working_days,monthly_salary) values(31,str_to_date('01/11/2019','%d/%m/%Y'), 20, 9200);
insert into spin.working_details(wid,month_year,working_days,monthly_salary) values(31,str_to_date('01/12/2019','%d/%m/%Y'), 22, 9900);
insert into spin.working_details(wid,month_year,working_days,monthly_salary) values(32,str_to_date('01/10/2019','%d/%m/%Y'), 23, 10000);
insert into spin.working_details(wid,month_year,working_days,monthly_salary) values(32,str_to_date('01/11/2019','%d/%m/%Y'), 27, 10000);
insert into spin.working_details(wid,month_year,working_days,monthly_salary) values(32,str_to_date('01/12/2019','%d/%m/%Y'), 22, 9900);
insert into spin.working_details(wid,month_year,working_days,monthly_salary) values(33,str_to_date('01/10/2019','%d/%m/%Y'), 28, 10000);
insert into spin.working_details(wid,month_year,working_days,monthly_salary) values(33,str_to_date('01/11/2019','%d/%m/%Y'), 18, 9000);
insert into spin.working_details(wid,month_year,working_days,monthly_salary) values(33,str_to_date('01/12/2019','%d/%m/%Y'), 25, 10000);
insert into spin.working_details(wid,month_year,working_days,monthly_salary) values(34,str_to_date('01/10/2019','%d/%m/%Y'), 20, 9200);
insert into spin.working_details(wid,month_year,working_days,monthly_salary) values(34,str_to_date('01/11/2019','%d/%m/%Y'), 20, 9200);
insert into spin.working_details(wid,month_year,working_days,monthly_salary) values(34,str_to_date('01/12/2019','%d/%m/%Y'), 26, 10000);
insert into spin.working_details(wid,month_year,working_days,monthly_salary) values(35,str_to_date('01/10/2019','%d/%m/%Y'), 30, 10000);
insert into spin.working_details(wid,month_year,working_days,monthly_salary) values(35,str_to_date('01/11/2019','%d/%m/%Y'), 20, 9200);
insert into spin.working_details(wid,month_year,working_days,monthly_salary) values(35,str_to_date('01/12/2019','%d/%m/%Y'), 18, 9000);
insert into spin.working_details(wid,month_year,working_days,monthly_salary) values(36,str_to_date('01/10/2019','%d/%m/%Y'), 21, 9800);
insert into spin.working_details(wid,month_year,working_days,monthly_salary) values(36,str_to_date('01/11/2019','%d/%m/%Y'), 19, 9000);
insert into spin.working_details(wid,month_year,working_days,monthly_salary) values(36,str_to_date('01/12/2019','%d/%m/%Y'), 29, 10000);
insert into spin.working_details(wid,month_year,working_days,monthly_salary) values(37,str_to_date('01/10/2019','%d/%m/%Y'), 30, 10000);
insert into spin.working_details(wid,month_year,working_days,monthly_salary) values(37,str_to_date('01/11/2019','%d/%m/%Y'), 22, 9900);
insert into spin.working_details(wid,month_year,working_days,monthly_salary) values(37,str_to_date('01/12/2019','%d/%m/%Y'), 19, 9000);
insert into spin.working_details(wid,month_year,working_days,monthly_salary) values(38,str_to_date('01/10/2019','%d/%m/%Y'), 29, 10000);
insert into spin.working_details(wid,month_year,working_days,monthly_salary) values(38,str_to_date('01/11/2019','%d/%m/%Y'), 23, 10000);
insert into spin.working_details(wid,month_year,working_days,monthly_salary) values(38,str_to_date('01/12/2019','%d/%m/%Y'), 27, 10000);
insert into spin.working_details(wid,month_year,working_days,monthly_salary) values(39,str_to_date('01/10/2019','%d/%m/%Y'), 28, 10000);
insert into spin.working_details(wid,month_year,working_days,monthly_salary) values(39,str_to_date('01/11/2019','%d/%m/%Y'), 22, 9900);
insert into spin.working_details(wid,month_year,working_days,monthly_salary) values(39,str_to_date('01/12/2019','%d/%m/%Y'), 20, 9200);
insert into spin.working_details(wid,month_year,working_days,monthly_salary) values(40,str_to_date('01/10/2019','%d/%m/%Y'), 19, 9000);
insert into spin.working_details(wid,month_year,working_days,monthly_salary) values(40,str_to_date('01/11/2019','%d/%m/%Y'), 30, 10000);
insert into spin.working_details(wid,month_year,working_days,monthly_salary) values(40,str_to_date('01/12/2019','%d/%m/%Y'), 30, 10000);
insert into spin.working_details(wid,month_year,working_days,monthly_salary) values(41,str_to_date('01/10/2019','%d/%m/%Y'), 25, 10000);
insert into spin.working_details(wid,month_year,working_days,monthly_salary) values(41,str_to_date('01/11/2019','%d/%m/%Y'), 27, 10000);
insert into spin.working_details(wid,month_year,working_days,monthly_salary) values(41,str_to_date('01/12/2019','%d/%m/%Y'), 27, 10000);
insert into spin.working_details(wid,month_year,working_days,monthly_salary) values(42,str_to_date('01/10/2019','%d/%m/%Y'), 28, 10000);
insert into spin.working_details(wid,month_year,working_days,monthly_salary) values(42,str_to_date('01/11/2019','%d/%m/%Y'), 25, 10000);
insert into spin.working_details(wid,month_year,working_days,monthly_salary) values(42,str_to_date('01/12/2019','%d/%m/%Y'), 24, 10000);
insert into spin.working_details(wid,month_year,working_days,monthly_salary) values(43,str_to_date('01/10/2019','%d/%m/%Y'), 24, 10000);
insert into spin.working_details(wid,month_year,working_days,monthly_salary) values(43,str_to_date('01/11/2019','%d/%m/%Y'), 27, 10000);
insert into spin.working_details(wid,month_year,working_days,monthly_salary) values(43,str_to_date('01/12/2019','%d/%m/%Y'), 25, 10000);
insert into spin.working_details(wid,month_year,working_days,monthly_salary) values(44,str_to_date('01/10/2019','%d/%m/%Y'), 25, 10000);
insert into spin.working_details(wid,month_year,working_days,monthly_salary) values(44,str_to_date('01/11/2019','%d/%m/%Y'), 21, 9800);
insert into spin.working_details(wid,month_year,working_days,monthly_salary) values(44,str_to_date('01/12/2019','%d/%m/%Y'), 26, 10000);
insert into spin.working_details(wid,month_year,working_days,monthly_salary) values(45,str_to_date('01/10/2019','%d/%m/%Y'), 20, 9200);
insert into spin.working_details(wid,month_year,working_days,monthly_salary) values(45,str_to_date('01/11/2019','%d/%m/%Y'), 24, 10000);
insert into spin.working_details(wid,month_year,working_days,monthly_salary) values(45,str_to_date('01/12/2019','%d/%m/%Y'), 25, 10000);
insert into spin.working_details(wid,month_year,working_days,monthly_salary) values(46,str_to_date('01/10/2019','%d/%m/%Y'), 19, 9000);
insert into spin.working_details(wid,month_year,working_days,monthly_salary) values(46,str_to_date('01/11/2019','%d/%m/%Y'), 26, 10000);
insert into spin.working_details(wid,month_year,working_days,monthly_salary) values(46,str_to_date('01/12/2019','%d/%m/%Y'), 26, 10000);
insert into spin.working_details(wid,month_year,working_days,monthly_salary) values(47,str_to_date('01/10/2019','%d/%m/%Y'), 29, 10000);
insert into spin.working_details(wid,month_year,working_days,monthly_salary) values(47,str_to_date('01/11/2019','%d/%m/%Y'), 25, 10000);
insert into spin.working_details(wid,month_year,working_days,monthly_salary) values(47,str_to_date('01/12/2019','%d/%m/%Y'), 23, 10000);
insert into spin.working_details(wid,month_year,working_days,monthly_salary) values(48,str_to_date('01/10/2019','%d/%m/%Y'), 23, 10000);
insert into spin.working_details(wid,month_year,working_days,monthly_salary) values(48,str_to_date('01/11/2019','%d/%m/%Y'), 29, 10000);
insert into spin.working_details(wid,month_year,working_days,monthly_salary) values(48,str_to_date('01/12/2019','%d/%m/%Y'), 22, 9900);
insert into spin.working_details(wid,month_year,working_days,monthly_salary) values(49,str_to_date('01/10/2019','%d/%m/%Y'), 22, 9900);
insert into spin.working_details(wid,month_year,working_days,monthly_salary) values(49,str_to_date('01/11/2019','%d/%m/%Y'), 19, 9000);
insert into spin.working_details(wid,month_year,working_days,monthly_salary) values(49,str_to_date('01/12/2019','%d/%m/%Y'), 18, 9000);
insert into spin.working_details(wid,month_year,working_days,monthly_salary) values(50,str_to_date('01/10/2019','%d/%m/%Y'), 23, 10000);
insert into spin.working_details(wid,month_year,working_days,monthly_salary) values(50,str_to_date('01/11/2019','%d/%m/%Y'), 21, 9800);
insert into spin.working_details(wid,month_year,working_days,monthly_salary) values(50,str_to_date('01/12/2019','%d/%m/%Y'), 23, 10000);
insert into spin.working_details(wid,month_year,working_days,monthly_salary) values(51,str_to_date('01/10/2019','%d/%m/%Y'), 29, 10000);
insert into spin.working_details(wid,month_year,working_days,monthly_salary) values(51,str_to_date('01/11/2019','%d/%m/%Y'), 20, 9200);
insert into spin.working_details(wid,month_year,working_days,monthly_salary) values(51,str_to_date('01/12/2019','%d/%m/%Y'), 22, 9900);
insert into spin.working_details(wid,month_year,working_days,monthly_salary) values(52,str_to_date('01/10/2019','%d/%m/%Y'), 21, 9800);
insert into spin.working_details(wid,month_year,working_days,monthly_salary) values(52,str_to_date('01/11/2019','%d/%m/%Y'), 30, 10000);
insert into spin.working_details(wid,month_year,working_days,monthly_salary) values(52,str_to_date('01/12/2019','%d/%m/%Y'), 19, 9000);
insert into spin.working_details(wid,month_year,working_days,monthly_salary) values(53,str_to_date('01/10/2019','%d/%m/%Y'), 22, 9900);
insert into spin.working_details(wid,month_year,working_days,monthly_salary) values(53,str_to_date('01/11/2019','%d/%m/%Y'), 25, 10000);
insert into spin.working_details(wid,month_year,working_days,monthly_salary) values(53,str_to_date('01/12/2019','%d/%m/%Y'), 28, 10000);
insert into spin.working_details(wid,month_year,working_days,monthly_salary) values(54,str_to_date('01/10/2019','%d/%m/%Y'), 27, 10000);
insert into spin.working_details(wid,month_year,working_days,monthly_salary) values(54,str_to_date('01/11/2019','%d/%m/%Y'), 24, 10000);
insert into spin.working_details(wid,month_year,working_days,monthly_salary) values(54,str_to_date('01/12/2019','%d/%m/%Y'), 20, 9200);
insert into spin.working_details(wid,month_year,working_days,monthly_salary) values(55,str_to_date('01/10/2019','%d/%m/%Y'), 27, 10000);
insert into spin.working_details(wid,month_year,working_days,monthly_salary) values(55,str_to_date('01/11/2019','%d/%m/%Y'), 28, 10000);
insert into spin.working_details(wid,month_year,working_days,monthly_salary) values(55,str_to_date('01/12/2019','%d/%m/%Y'), 29, 10000);
insert into spin.working_details(wid,month_year,working_days,monthly_salary) values(56,str_to_date('01/10/2019','%d/%m/%Y'), 20, 9200);
insert into spin.working_details(wid,month_year,working_days,monthly_salary) values(56,str_to_date('01/11/2019','%d/%m/%Y'), 24, 10000);
insert into spin.working_details(wid,month_year,working_days,monthly_salary) values(56,str_to_date('01/12/2019','%d/%m/%Y'), 29, 10000);
insert into spin.working_details(wid,month_year,working_days,monthly_salary) values(57,str_to_date('01/10/2019','%d/%m/%Y'), 18, 9000);
insert into spin.working_details(wid,month_year,working_days,monthly_salary) values(57,str_to_date('01/11/2019','%d/%m/%Y'), 25, 10000);
insert into spin.working_details(wid,month_year,working_days,monthly_salary) values(57,str_to_date('01/12/2019','%d/%m/%Y'), 25, 10000);
insert into spin.working_details(wid,month_year,working_days,monthly_salary) values(58,str_to_date('01/10/2019','%d/%m/%Y'), 19, 9000);
insert into spin.working_details(wid,month_year,working_days,monthly_salary) values(58,str_to_date('01/11/2019','%d/%m/%Y'), 23, 10000);
insert into spin.working_details(wid,month_year,working_days,monthly_salary) values(58,str_to_date('01/12/2019','%d/%m/%Y'), 30, 10000);
insert into spin.working_details(wid,month_year,working_days,monthly_salary) values(59,str_to_date('01/10/2019','%d/%m/%Y'), 30, 10000);
insert into spin.working_details(wid,month_year,working_days,monthly_salary) values(59,str_to_date('01/11/2019','%d/%m/%Y'), 25, 10000);
insert into spin.working_details(wid,month_year,working_days,monthly_salary) values(59,str_to_date('01/12/2019','%d/%m/%Y'), 28, 10000);



insert into spin.spinning_prod(m_id,m_date,m_eb,m_prod,m_yarn_count,m_waste,wid,item_no,lot_no) values('C01',str_to_date('11/10/2019', '%d/%m/%Y'),21,300,10,25.5,1,'Ct01',001);
insert into spin.spinning_prod(m_id,m_date,m_eb,m_prod,m_yarn_count,m_waste,wid,item_no,lot_no) values('C01',str_to_date('12/10/2019', '%d/%m/%Y'),20,314,10,23.0,12,'Ct01',002);
insert into spin.spinning_prod(m_id,m_date,m_eb,m_prod,m_yarn_count,m_waste,wid,item_no,lot_no) values('C01',str_to_date('13/10/2019', '%d/%m/%Y'),22,290,10,20.5,4,'Ct01',002);
insert into spin.spinning_prod(m_id,m_date,m_eb,m_prod,m_yarn_count,m_waste,wid,item_no,lot_no) values('C02',str_to_date('11/10/2019', '%d/%m/%Y'),22,320,10,20.0,11,'Ct02',001);
insert into spin.spinning_prod(m_id,m_date,m_eb,m_prod,m_yarn_count,m_waste,wid,item_no,lot_no) values('C02',str_to_date('12/10/2019', '%d/%m/%Y'),19,311,10,22.7,5,'Ct02',001);
insert into spin.spinning_prod(m_id,m_date,m_eb,m_prod,m_yarn_count,m_waste,wid,item_no,lot_no) values('C02',str_to_date('13/10/2019', '%d/%m/%Y'),26,290,10,27.5,6,'Py01',001);
insert into spin.spinning_prod(m_id,m_date,m_eb,m_prod,m_yarn_count,m_waste,wid,item_no,lot_no) values('C03',str_to_date('11/10/2019', '%d/%m/%Y'),23,250,10,30.0,8,'Py02',001);
insert into spin.spinning_prod(m_id,m_date,m_eb,m_prod,m_yarn_count,m_waste,wid,item_no,lot_no) values('C03',str_to_date('12/10/2019', '%d/%m/%Y'),16,370,10,10.0,11,'Py01',001);
insert into spin.spinning_prod(m_id,m_date,m_eb,m_prod,m_yarn_count,m_waste,wid,item_no,lot_no) values('C03',str_to_date('13/10/2019', '%d/%m/%Y'),29,298,10,19.0,31,'Py02',001);
insert into spin.spinning_prod(m_id,m_date,m_eb,m_prod,m_yarn_count,m_waste,wid,item_no,lot_no) values('OE1',str_to_date('11/10/2019', '%d/%m/%Y'),13,320,10,10.0,40,'Py02',001);
insert into spin.spinning_prod(m_id,m_date,m_eb,m_prod,m_yarn_count,m_waste,wid,item_no,lot_no) values('OE2',str_to_date('12/10/2019', '%d/%m/%Y'),14,311,10,10.7,25,'Ct02',001);
insert into spin.spinning_prod(m_id,m_date,m_eb,m_prod,m_yarn_count,m_waste,wid,item_no,lot_no) values('OE3',str_to_date('13/10/2019', '%d/%m/%Y'),23,290,10,11.5,8,'Ct01',001);
insert into spin.spinning_prod(m_id,m_date,m_eb,m_prod,m_yarn_count,m_waste,wid,item_no,lot_no) values('W01',str_to_date('11/10/2019', '%d/%m/%Y'),9,290,10,9.0,23,'Py02',001);
insert into spin.spinning_prod(m_id,m_date,m_eb,m_prod,m_yarn_count,m_waste,wid,item_no,lot_no) values('W02',str_to_date('12/10/2019', '%d/%m/%Y'),14,280,10,10.2,8,'Ct02',001);
insert into spin.spinning_prod(m_id,m_date,m_eb,m_prod,m_yarn_count,m_waste,wid,item_no,lot_no) values('W03',str_to_date('13/10/2019', '%d/%m/%Y'),12,277,10,10.1,34,'Ct01',001);


